--
-- PostgreSQL database dump
--

-- Dumped from database version 12.11 (Debian 12.11-1.pgdg110+1)
-- Dumped by pg_dump version 12.11 (Debian 12.11-1.pgdg110+1)

SET statement_timeout = 0;
SET lock_timeout = 0;
SET idle_in_transaction_session_timeout = 0;
SET client_encoding = 'UTF8';
SET standard_conforming_strings = on;
SELECT pg_catalog.set_config('search_path', '', false);
SET check_function_bodies = false;
SET xmloption = content;
SET client_min_messages = warning;
SET row_security = off;

SET default_tablespace = '';

SET default_table_access_method = heap;

--
-- Name: account_emailaddress; Type: TABLE; Schema: public; Owner: postgres
--

CREATE TABLE public.account_emailaddress (
    id bigint NOT NULL,
    email character varying(254) NOT NULL,
    verified boolean NOT NULL,
    "primary" boolean NOT NULL,
    user_id bigint NOT NULL
);


ALTER TABLE public.account_emailaddress OWNER TO postgres;

--
-- Name: account_emailaddress_id_seq; Type: SEQUENCE; Schema: public; Owner: postgres
--

CREATE SEQUENCE public.account_emailaddress_id_seq
    START WITH 1
    INCREMENT BY 1
    NO MINVALUE
    NO MAXVALUE
    CACHE 1;


ALTER TABLE public.account_emailaddress_id_seq OWNER TO postgres;

--
-- Name: account_emailaddress_id_seq; Type: SEQUENCE OWNED BY; Schema: public; Owner: postgres
--

ALTER SEQUENCE public.account_emailaddress_id_seq OWNED BY public.account_emailaddress.id;


--
-- Name: account_emailconfirmation; Type: TABLE; Schema: public; Owner: postgres
--

CREATE TABLE public.account_emailconfirmation (
    id bigint NOT NULL,
    created timestamp with time zone NOT NULL,
    sent timestamp with time zone,
    key character varying(64) NOT NULL,
    email_address_id bigint NOT NULL
);


ALTER TABLE public.account_emailconfirmation OWNER TO postgres;

--
-- Name: account_emailconfirmation_id_seq; Type: SEQUENCE; Schema: public; Owner: postgres
--

CREATE SEQUENCE public.account_emailconfirmation_id_seq
    START WITH 1
    INCREMENT BY 1
    NO MINVALUE
    NO MAXVALUE
    CACHE 1;


ALTER TABLE public.account_emailconfirmation_id_seq OWNER TO postgres;

--
-- Name: account_emailconfirmation_id_seq; Type: SEQUENCE OWNED BY; Schema: public; Owner: postgres
--

ALTER SEQUENCE public.account_emailconfirmation_id_seq OWNED BY public.account_emailconfirmation.id;


--
-- Name: auth_group; Type: TABLE; Schema: public; Owner: postgres
--

CREATE TABLE public.auth_group (
    id integer NOT NULL,
    name character varying(150) NOT NULL
);


ALTER TABLE public.auth_group OWNER TO postgres;

--
-- Name: auth_group_id_seq; Type: SEQUENCE; Schema: public; Owner: postgres
--

CREATE SEQUENCE public.auth_group_id_seq
    AS integer
    START WITH 1
    INCREMENT BY 1
    NO MINVALUE
    NO MAXVALUE
    CACHE 1;


ALTER TABLE public.auth_group_id_seq OWNER TO postgres;

--
-- Name: auth_group_id_seq; Type: SEQUENCE OWNED BY; Schema: public; Owner: postgres
--

ALTER SEQUENCE public.auth_group_id_seq OWNED BY public.auth_group.id;


--
-- Name: auth_group_permissions; Type: TABLE; Schema: public; Owner: postgres
--

CREATE TABLE public.auth_group_permissions (
    id bigint NOT NULL,
    group_id integer NOT NULL,
    permission_id integer NOT NULL
);


ALTER TABLE public.auth_group_permissions OWNER TO postgres;

--
-- Name: auth_group_permissions_id_seq; Type: SEQUENCE; Schema: public; Owner: postgres
--

CREATE SEQUENCE public.auth_group_permissions_id_seq
    START WITH 1
    INCREMENT BY 1
    NO MINVALUE
    NO MAXVALUE
    CACHE 1;


ALTER TABLE public.auth_group_permissions_id_seq OWNER TO postgres;

--
-- Name: auth_group_permissions_id_seq; Type: SEQUENCE OWNED BY; Schema: public; Owner: postgres
--

ALTER SEQUENCE public.auth_group_permissions_id_seq OWNED BY public.auth_group_permissions.id;


--
-- Name: auth_permission; Type: TABLE; Schema: public; Owner: postgres
--

CREATE TABLE public.auth_permission (
    id integer NOT NULL,
    name character varying(255) NOT NULL,
    content_type_id integer NOT NULL,
    codename character varying(100) NOT NULL
);


ALTER TABLE public.auth_permission OWNER TO postgres;

--
-- Name: auth_permission_id_seq; Type: SEQUENCE; Schema: public; Owner: postgres
--

CREATE SEQUENCE public.auth_permission_id_seq
    AS integer
    START WITH 1
    INCREMENT BY 1
    NO MINVALUE
    NO MAXVALUE
    CACHE 1;


ALTER TABLE public.auth_permission_id_seq OWNER TO postgres;

--
-- Name: auth_permission_id_seq; Type: SEQUENCE OWNED BY; Schema: public; Owner: postgres
--

ALTER SEQUENCE public.auth_permission_id_seq OWNED BY public.auth_permission.id;


--
-- Name: authtoken_token; Type: TABLE; Schema: public; Owner: postgres
--

CREATE TABLE public.authtoken_token (
    key character varying(40) NOT NULL,
    created timestamp with time zone NOT NULL,
    user_id bigint NOT NULL
);


ALTER TABLE public.authtoken_token OWNER TO postgres;

--
-- Name: django_admin_log; Type: TABLE; Schema: public; Owner: postgres
--

CREATE TABLE public.django_admin_log (
    id integer NOT NULL,
    action_time timestamp with time zone NOT NULL,
    object_id text,
    object_repr character varying(200) NOT NULL,
    action_flag smallint NOT NULL,
    change_message text NOT NULL,
    content_type_id integer,
    user_id bigint NOT NULL,
    CONSTRAINT django_admin_log_action_flag_check CHECK ((action_flag >= 0))
);


ALTER TABLE public.django_admin_log OWNER TO postgres;

--
-- Name: django_admin_log_id_seq; Type: SEQUENCE; Schema: public; Owner: postgres
--

CREATE SEQUENCE public.django_admin_log_id_seq
    AS integer
    START WITH 1
    INCREMENT BY 1
    NO MINVALUE
    NO MAXVALUE
    CACHE 1;


ALTER TABLE public.django_admin_log_id_seq OWNER TO postgres;

--
-- Name: django_admin_log_id_seq; Type: SEQUENCE OWNED BY; Schema: public; Owner: postgres
--

ALTER SEQUENCE public.django_admin_log_id_seq OWNED BY public.django_admin_log.id;


--
-- Name: django_content_type; Type: TABLE; Schema: public; Owner: postgres
--

CREATE TABLE public.django_content_type (
    id integer NOT NULL,
    app_label character varying(100) NOT NULL,
    model character varying(100) NOT NULL
);


ALTER TABLE public.django_content_type OWNER TO postgres;

--
-- Name: django_content_type_id_seq; Type: SEQUENCE; Schema: public; Owner: postgres
--

CREATE SEQUENCE public.django_content_type_id_seq
    AS integer
    START WITH 1
    INCREMENT BY 1
    NO MINVALUE
    NO MAXVALUE
    CACHE 1;


ALTER TABLE public.django_content_type_id_seq OWNER TO postgres;

--
-- Name: django_content_type_id_seq; Type: SEQUENCE OWNED BY; Schema: public; Owner: postgres
--

ALTER SEQUENCE public.django_content_type_id_seq OWNED BY public.django_content_type.id;


--
-- Name: django_migrations; Type: TABLE; Schema: public; Owner: postgres
--

CREATE TABLE public.django_migrations (
    id bigint NOT NULL,
    app character varying(255) NOT NULL,
    name character varying(255) NOT NULL,
    applied timestamp with time zone NOT NULL
);


ALTER TABLE public.django_migrations OWNER TO postgres;

--
-- Name: django_migrations_id_seq; Type: SEQUENCE; Schema: public; Owner: postgres
--

CREATE SEQUENCE public.django_migrations_id_seq
    START WITH 1
    INCREMENT BY 1
    NO MINVALUE
    NO MAXVALUE
    CACHE 1;


ALTER TABLE public.django_migrations_id_seq OWNER TO postgres;

--
-- Name: django_migrations_id_seq; Type: SEQUENCE OWNED BY; Schema: public; Owner: postgres
--

ALTER SEQUENCE public.django_migrations_id_seq OWNED BY public.django_migrations.id;


--
-- Name: django_session; Type: TABLE; Schema: public; Owner: postgres
--

CREATE TABLE public.django_session (
    session_key character varying(40) NOT NULL,
    session_data text NOT NULL,
    expire_date timestamp with time zone NOT NULL
);


ALTER TABLE public.django_session OWNER TO postgres;

--
-- Name: django_site; Type: TABLE; Schema: public; Owner: postgres
--

CREATE TABLE public.django_site (
    id integer NOT NULL,
    domain character varying(100) NOT NULL,
    name character varying(50) NOT NULL
);


ALTER TABLE public.django_site OWNER TO postgres;

--
-- Name: django_site_id_seq; Type: SEQUENCE; Schema: public; Owner: postgres
--

CREATE SEQUENCE public.django_site_id_seq
    AS integer
    START WITH 1
    INCREMENT BY 1
    NO MINVALUE
    NO MAXVALUE
    CACHE 1;


ALTER TABLE public.django_site_id_seq OWNER TO postgres;

--
-- Name: django_site_id_seq; Type: SEQUENCE OWNED BY; Schema: public; Owner: postgres
--

ALTER SEQUENCE public.django_site_id_seq OWNED BY public.django_site.id;


--
-- Name: users_user; Type: TABLE; Schema: public; Owner: postgres
--

CREATE TABLE public.users_user (
    id bigint NOT NULL,
    password character varying(128) NOT NULL,
    last_login timestamp with time zone,
    is_superuser boolean NOT NULL,
    username character varying(150) NOT NULL,
    first_name character varying(150) NOT NULL,
    last_name character varying(150) NOT NULL,
    email character varying(254) NOT NULL,
    is_staff boolean NOT NULL,
    is_active boolean NOT NULL,
    date_joined timestamp with time zone NOT NULL,
    avatar character varying(100) NOT NULL
);


ALTER TABLE public.users_user OWNER TO postgres;

--
-- Name: users_user_groups; Type: TABLE; Schema: public; Owner: postgres
--

CREATE TABLE public.users_user_groups (
    id bigint NOT NULL,
    user_id bigint NOT NULL,
    group_id integer NOT NULL
);


ALTER TABLE public.users_user_groups OWNER TO postgres;

--
-- Name: users_user_groups_id_seq; Type: SEQUENCE; Schema: public; Owner: postgres
--

CREATE SEQUENCE public.users_user_groups_id_seq
    START WITH 1
    INCREMENT BY 1
    NO MINVALUE
    NO MAXVALUE
    CACHE 1;


ALTER TABLE public.users_user_groups_id_seq OWNER TO postgres;

--
-- Name: users_user_groups_id_seq; Type: SEQUENCE OWNED BY; Schema: public; Owner: postgres
--

ALTER SEQUENCE public.users_user_groups_id_seq OWNED BY public.users_user_groups.id;


--
-- Name: users_user_id_seq; Type: SEQUENCE; Schema: public; Owner: postgres
--

CREATE SEQUENCE public.users_user_id_seq
    START WITH 1
    INCREMENT BY 1
    NO MINVALUE
    NO MAXVALUE
    CACHE 1;


ALTER TABLE public.users_user_id_seq OWNER TO postgres;

--
-- Name: users_user_id_seq; Type: SEQUENCE OWNED BY; Schema: public; Owner: postgres
--

ALTER SEQUENCE public.users_user_id_seq OWNED BY public.users_user.id;


--
-- Name: users_user_user_permissions; Type: TABLE; Schema: public; Owner: postgres
--

CREATE TABLE public.users_user_user_permissions (
    id bigint NOT NULL,
    user_id bigint NOT NULL,
    permission_id integer NOT NULL
);


ALTER TABLE public.users_user_user_permissions OWNER TO postgres;

--
-- Name: users_user_user_permissions_id_seq; Type: SEQUENCE; Schema: public; Owner: postgres
--

CREATE SEQUENCE public.users_user_user_permissions_id_seq
    START WITH 1
    INCREMENT BY 1
    NO MINVALUE
    NO MAXVALUE
    CACHE 1;


ALTER TABLE public.users_user_user_permissions_id_seq OWNER TO postgres;

--
-- Name: users_user_user_permissions_id_seq; Type: SEQUENCE OWNED BY; Schema: public; Owner: postgres
--

ALTER SEQUENCE public.users_user_user_permissions_id_seq OWNED BY public.users_user_user_permissions.id;


--
-- Name: account_emailaddress id; Type: DEFAULT; Schema: public; Owner: postgres
--

ALTER TABLE ONLY public.account_emailaddress ALTER COLUMN id SET DEFAULT nextval('public.account_emailaddress_id_seq'::regclass);


--
-- Name: account_emailconfirmation id; Type: DEFAULT; Schema: public; Owner: postgres
--

ALTER TABLE ONLY public.account_emailconfirmation ALTER COLUMN id SET DEFAULT nextval('public.account_emailconfirmation_id_seq'::regclass);


--
-- Name: auth_group id; Type: DEFAULT; Schema: public; Owner: postgres
--

ALTER TABLE ONLY public.auth_group ALTER COLUMN id SET DEFAULT nextval('public.auth_group_id_seq'::regclass);


--
-- Name: auth_group_permissions id; Type: DEFAULT; Schema: public; Owner: postgres
--

ALTER TABLE ONLY public.auth_group_permissions ALTER COLUMN id SET DEFAULT nextval('public.auth_group_permissions_id_seq'::regclass);


--
-- Name: auth_permission id; Type: DEFAULT; Schema: public; Owner: postgres
--

ALTER TABLE ONLY public.auth_permission ALTER COLUMN id SET DEFAULT nextval('public.auth_permission_id_seq'::regclass);


--
-- Name: django_admin_log id; Type: DEFAULT; Schema: public; Owner: postgres
--

ALTER TABLE ONLY public.django_admin_log ALTER COLUMN id SET DEFAULT nextval('public.django_admin_log_id_seq'::regclass);


--
-- Name: django_content_type id; Type: DEFAULT; Schema: public; Owner: postgres
--

ALTER TABLE ONLY public.django_content_type ALTER COLUMN id SET DEFAULT nextval('public.django_content_type_id_seq'::regclass);


--
-- Name: django_migrations id; Type: DEFAULT; Schema: public; Owner: postgres
--

ALTER TABLE ONLY public.django_migrations ALTER COLUMN id SET DEFAULT nextval('public.django_migrations_id_seq'::regclass);


--
-- Name: django_site id; Type: DEFAULT; Schema: public; Owner: postgres
--

ALTER TABLE ONLY public.django_site ALTER COLUMN id SET DEFAULT nextval('public.django_site_id_seq'::regclass);


--
-- Name: users_user id; Type: DEFAULT; Schema: public; Owner: postgres
--

ALTER TABLE ONLY public.users_user ALTER COLUMN id SET DEFAULT nextval('public.users_user_id_seq'::regclass);


--
-- Name: users_user_groups id; Type: DEFAULT; Schema: public; Owner: postgres
--

ALTER TABLE ONLY public.users_user_groups ALTER COLUMN id SET DEFAULT nextval('public.users_user_groups_id_seq'::regclass);


--
-- Name: users_user_user_permissions id; Type: DEFAULT; Schema: public; Owner: postgres
--

ALTER TABLE ONLY public.users_user_user_permissions ALTER COLUMN id SET DEFAULT nextval('public.users_user_user_permissions_id_seq'::regclass);


--
-- Data for Name: account_emailaddress; Type: TABLE DATA; Schema: public; Owner: postgres
--

COPY public.account_emailaddress (id, email, verified, "primary", user_id) FROM stdin;
1	testuser1@gmail.com	f	t	2
2	testuser2@gmail.com	f	t	3
3	testuser3@gmail.com	f	t	4
4	testuser4@gmail.com	f	t	5
\.


--
-- Data for Name: account_emailconfirmation; Type: TABLE DATA; Schema: public; Owner: postgres
--

COPY public.account_emailconfirmation (id, created, sent, key, email_address_id) FROM stdin;
\.


--
-- Data for Name: auth_group; Type: TABLE DATA; Schema: public; Owner: postgres
--

COPY public.auth_group (id, name) FROM stdin;
\.


--
-- Data for Name: auth_group_permissions; Type: TABLE DATA; Schema: public; Owner: postgres
--

COPY public.auth_group_permissions (id, group_id, permission_id) FROM stdin;
\.


--
-- Data for Name: auth_permission; Type: TABLE DATA; Schema: public; Owner: postgres
--

COPY public.auth_permission (id, name, content_type_id, codename) FROM stdin;
1	Can add log entry	1	add_logentry
2	Can change log entry	1	change_logentry
3	Can delete log entry	1	delete_logentry
4	Can view log entry	1	view_logentry
5	Can add permission	2	add_permission
6	Can change permission	2	change_permission
7	Can delete permission	2	delete_permission
8	Can view permission	2	view_permission
9	Can add group	3	add_group
10	Can change group	3	change_group
11	Can delete group	3	delete_group
12	Can view group	3	view_group
13	Can add content type	4	add_contenttype
14	Can change content type	4	change_contenttype
15	Can delete content type	4	delete_contenttype
16	Can view content type	4	view_contenttype
17	Can add session	5	add_session
18	Can change session	5	change_session
19	Can delete session	5	delete_session
20	Can view session	5	view_session
21	Can add site	6	add_site
22	Can change site	6	change_site
23	Can delete site	6	delete_site
24	Can view site	6	view_site
25	Can add Token	7	add_token
26	Can change Token	7	change_token
27	Can delete Token	7	delete_token
28	Can view Token	7	view_token
29	Can add token	8	add_tokenproxy
30	Can change token	8	change_tokenproxy
31	Can delete token	8	delete_tokenproxy
32	Can view token	8	view_tokenproxy
33	Can add social application	9	add_socialapp
34	Can change social application	9	change_socialapp
35	Can delete social application	9	delete_socialapp
36	Can view social application	9	view_socialapp
37	Can add social account	10	add_socialaccount
38	Can change social account	10	change_socialaccount
39	Can delete social account	10	delete_socialaccount
40	Can view social account	10	view_socialaccount
41	Can add social application token	11	add_socialtoken
42	Can change social application token	11	change_socialtoken
43	Can delete social application token	11	delete_socialtoken
44	Can view social application token	11	view_socialtoken
45	Can add email address	12	add_emailaddress
46	Can change email address	12	change_emailaddress
47	Can delete email address	12	delete_emailaddress
48	Can view email address	12	view_emailaddress
49	Can add email confirmation	13	add_emailconfirmation
50	Can change email confirmation	13	change_emailconfirmation
51	Can delete email confirmation	13	delete_emailconfirmation
52	Can view email confirmation	13	view_emailconfirmation
53	Can add user	14	add_user
54	Can change user	14	change_user
55	Can delete user	14	delete_user
56	Can view user	14	view_user
\.


--
-- Data for Name: authtoken_token; Type: TABLE DATA; Schema: public; Owner: postgres
--

COPY public.authtoken_token (key, created, user_id) FROM stdin;
\.


--
-- Data for Name: django_admin_log; Type: TABLE DATA; Schema: public; Owner: postgres
--

COPY public.django_admin_log (id, action_time, object_id, object_repr, action_flag, change_message, content_type_id, user_id) FROM stdin;
\.


--
-- Data for Name: django_content_type; Type: TABLE DATA; Schema: public; Owner: postgres
--

COPY public.django_content_type (id, app_label, model) FROM stdin;
1	admin	logentry
2	auth	permission
3	auth	group
4	contenttypes	contenttype
5	sessions	session
6	sites	site
7	authtoken	token
8	authtoken	tokenproxy
9	allauth	socialapp
10	allauth	socialaccount
11	allauth	socialtoken
12	account	emailaddress
13	account	emailconfirmation
14	users	user
\.


--
-- Data for Name: django_migrations; Type: TABLE DATA; Schema: public; Owner: postgres
--

COPY public.django_migrations (id, app, name, applied) FROM stdin;
1	contenttypes	0001_initial	2022-05-23 20:46:00.734099+00
2	contenttypes	0002_remove_content_type_name	2022-05-23 20:46:00.768098+00
3	auth	0001_initial	2022-05-23 20:46:00.82894+00
4	auth	0002_alter_permission_name_max_length	2022-05-23 20:46:00.846379+00
5	auth	0003_alter_user_email_max_length	2022-05-23 20:46:00.864936+00
6	auth	0004_alter_user_username_opts	2022-05-23 20:46:00.875924+00
7	auth	0005_alter_user_last_login_null	2022-05-23 20:46:00.883604+00
8	auth	0006_require_contenttypes_0002	2022-05-23 20:46:00.886665+00
9	auth	0007_alter_validators_add_error_messages	2022-05-23 20:46:00.893353+00
10	auth	0008_alter_user_username_max_length	2022-05-23 20:46:00.899907+00
11	auth	0009_alter_user_last_name_max_length	2022-05-23 20:46:00.906383+00
12	auth	0010_alter_group_name_max_length	2022-05-23 20:46:00.912811+00
13	auth	0011_update_proxy_permissions	2022-05-23 20:46:00.921135+00
14	auth	0012_alter_user_first_name_max_length	2022-05-23 20:46:00.926805+00
15	users	0001_initial	2022-05-23 20:46:00.981386+00
16	account	0001_initial	2022-05-23 20:46:01.026566+00
17	account	0002_email_max_length	2022-05-23 20:46:01.056171+00
18	account	0003_auto_20220523_2046	2022-05-23 20:46:01.145552+00
19	admin	0001_initial	2022-05-23 20:46:01.189691+00
20	admin	0002_logentry_remove_auto_add	2022-05-23 20:46:01.206003+00
21	admin	0003_logentry_add_action_flag_choices	2022-05-23 20:46:01.220541+00
22	authtoken	0001_initial	2022-05-23 20:46:01.242157+00
23	authtoken	0002_auto_20160226_1747	2022-05-23 20:46:01.271031+00
24	authtoken	0003_tokenproxy	2022-05-23 20:46:01.275486+00
25	sessions	0001_initial	2022-05-23 20:46:01.294597+00
26	sites	0001_initial	2022-05-23 20:46:01.311562+00
27	sites	0002_alter_domain_unique	2022-05-23 20:46:01.332431+00
\.


--
-- Data for Name: django_session; Type: TABLE DATA; Schema: public; Owner: postgres
--

COPY public.django_session (session_key, session_data, expire_date) FROM stdin;
pdvymj8mpja3vftchqx96kcayehl3ql3	.eJxVjEEOwiAQRe_C2hAGp7W4dN8zEGbKSNVAUtqV8e7SpAvdvv_efysftjX5rcbFz5O6KlCnX0aBnzHvw_QI-V40l7wuM-ld0cda9Vim-Lod7t9BCjW12rGRThAZCXvoKUS20CDSgGAJwVm2A8NFsEMJYs3ZoYlCbFpIoD5f3M43tQ:1ntF0c:JihEvuNCCj2ReEnJDeSKa9pt4m6giFR1UVZ4bI8c2OQ	2022-06-06 20:50:34.841981+00
\.


--
-- Data for Name: django_site; Type: TABLE DATA; Schema: public; Owner: postgres
--

COPY public.django_site (id, domain, name) FROM stdin;
1	example.com	example.com
\.


--
-- Data for Name: users_user; Type: TABLE DATA; Schema: public; Owner: postgres
--

COPY public.users_user (id, password, last_login, is_superuser, username, first_name, last_name, email, is_staff, is_active, date_joined, avatar) FROM stdin;
2	pbkdf2_sha256$260000$VrcgBoxZ6n5EmM0lRofYVY$uKLSRlZDzjsZ1yOK7NH+FnvM7uoG0Cf8+cCM4w1ArMc=	2022-05-23 20:48:23.866304+00	f	testuser1			testuser1@gmail.com	f	t	2022-05-23 20:48:23.703553+00	
3	pbkdf2_sha256$260000$eZoDLws7aKYVvMIh6O11Fm$Yoj9RIo+QfO4MCt7TDCMmWibKqT0LRo3STBcU8tthvI=	2022-05-23 20:49:20.635606+00	f	testuser2			testuser2@gmail.com	f	t	2022-05-23 20:49:20.444244+00	
4	pbkdf2_sha256$260000$TI1pkm8afCL5oGJLzQ9Pvy$2/cOG4lFiU9nhd+VjSaCb0L26s2dqkZLIt7Ux0p6MMk=	2022-05-23 20:49:44.119491+00	f	testuser3			testuser3@gmail.com	f	t	2022-05-23 20:49:43.9065+00	
5	pbkdf2_sha256$260000$5RfwDdanlb8UOYwlQ6ge0q$hkjVh+a0oRQtaPKJWK2jBhr4xk/htv7frNuM5XsCO7w=	2022-05-23 20:50:05.302728+00	f	testuser4			testuser4@gmail.com	f	t	2022-05-23 20:50:05.124116+00	
1	pbkdf2_sha256$260000$LoCmV8TZK5bCbsjEQQFFKL$8EQGnGqf/OU1w0/1CPvf9TGJNsoSAw00dkh0WqBakHg=	2022-05-23 20:50:34.8399+00	t	maksim			maksim@gmail.com	t	t	2022-05-23 20:46:53.332402+00	
\.


--
-- Data for Name: users_user_groups; Type: TABLE DATA; Schema: public; Owner: postgres
--

COPY public.users_user_groups (id, user_id, group_id) FROM stdin;
\.


--
-- Data for Name: users_user_user_permissions; Type: TABLE DATA; Schema: public; Owner: postgres
--

COPY public.users_user_user_permissions (id, user_id, permission_id) FROM stdin;
\.


--
-- Name: account_emailaddress_id_seq; Type: SEQUENCE SET; Schema: public; Owner: postgres
--

SELECT pg_catalog.setval('public.account_emailaddress_id_seq', 4, true);


--
-- Name: account_emailconfirmation_id_seq; Type: SEQUENCE SET; Schema: public; Owner: postgres
--

SELECT pg_catalog.setval('public.account_emailconfirmation_id_seq', 1, false);


--
-- Name: auth_group_id_seq; Type: SEQUENCE SET; Schema: public; Owner: postgres
--

SELECT pg_catalog.setval('public.auth_group_id_seq', 1, false);


--
-- Name: auth_group_permissions_id_seq; Type: SEQUENCE SET; Schema: public; Owner: postgres
--

SELECT pg_catalog.setval('public.auth_group_permissions_id_seq', 1, false);


--
-- Name: auth_permission_id_seq; Type: SEQUENCE SET; Schema: public; Owner: postgres
--

SELECT pg_catalog.setval('public.auth_permission_id_seq', 56, true);


--
-- Name: django_admin_log_id_seq; Type: SEQUENCE SET; Schema: public; Owner: postgres
--

SELECT pg_catalog.setval('public.django_admin_log_id_seq', 1, false);


--
-- Name: django_content_type_id_seq; Type: SEQUENCE SET; Schema: public; Owner: postgres
--

SELECT pg_catalog.setval('public.django_content_type_id_seq', 14, true);


--
-- Name: django_migrations_id_seq; Type: SEQUENCE SET; Schema: public; Owner: postgres
--

SELECT pg_catalog.setval('public.django_migrations_id_seq', 27, true);


--
-- Name: django_site_id_seq; Type: SEQUENCE SET; Schema: public; Owner: postgres
--

SELECT pg_catalog.setval('public.django_site_id_seq', 1, true);


--
-- Name: users_user_groups_id_seq; Type: SEQUENCE SET; Schema: public; Owner: postgres
--

SELECT pg_catalog.setval('public.users_user_groups_id_seq', 1, false);


--
-- Name: users_user_id_seq; Type: SEQUENCE SET; Schema: public; Owner: postgres
--

SELECT pg_catalog.setval('public.users_user_id_seq', 5, true);


--
-- Name: users_user_user_permissions_id_seq; Type: SEQUENCE SET; Schema: public; Owner: postgres
--

SELECT pg_catalog.setval('public.users_user_user_permissions_id_seq', 1, false);


--
-- Name: account_emailaddress account_emailaddress_email_key; Type: CONSTRAINT; Schema: public; Owner: postgres
--

ALTER TABLE ONLY public.account_emailaddress
    ADD CONSTRAINT account_emailaddress_email_key UNIQUE (email);


--
-- Name: account_emailaddress account_emailaddress_pkey; Type: CONSTRAINT; Schema: public; Owner: postgres
--

ALTER TABLE ONLY public.account_emailaddress
    ADD CONSTRAINT account_emailaddress_pkey PRIMARY KEY (id);


--
-- Name: account_emailconfirmation account_emailconfirmation_key_key; Type: CONSTRAINT; Schema: public; Owner: postgres
--

ALTER TABLE ONLY public.account_emailconfirmation
    ADD CONSTRAINT account_emailconfirmation_key_key UNIQUE (key);


--
-- Name: account_emailconfirmation account_emailconfirmation_pkey; Type: CONSTRAINT; Schema: public; Owner: postgres
--

ALTER TABLE ONLY public.account_emailconfirmation
    ADD CONSTRAINT account_emailconfirmation_pkey PRIMARY KEY (id);


--
-- Name: auth_group auth_group_name_key; Type: CONSTRAINT; Schema: public; Owner: postgres
--

ALTER TABLE ONLY public.auth_group
    ADD CONSTRAINT auth_group_name_key UNIQUE (name);


--
-- Name: auth_group_permissions auth_group_permissions_group_id_permission_id_0cd325b0_uniq; Type: CONSTRAINT; Schema: public; Owner: postgres
--

ALTER TABLE ONLY public.auth_group_permissions
    ADD CONSTRAINT auth_group_permissions_group_id_permission_id_0cd325b0_uniq UNIQUE (group_id, permission_id);


--
-- Name: auth_group_permissions auth_group_permissions_pkey; Type: CONSTRAINT; Schema: public; Owner: postgres
--

ALTER TABLE ONLY public.auth_group_permissions
    ADD CONSTRAINT auth_group_permissions_pkey PRIMARY KEY (id);


--
-- Name: auth_group auth_group_pkey; Type: CONSTRAINT; Schema: public; Owner: postgres
--

ALTER TABLE ONLY public.auth_group
    ADD CONSTRAINT auth_group_pkey PRIMARY KEY (id);


--
-- Name: auth_permission auth_permission_content_type_id_codename_01ab375a_uniq; Type: CONSTRAINT; Schema: public; Owner: postgres
--

ALTER TABLE ONLY public.auth_permission
    ADD CONSTRAINT auth_permission_content_type_id_codename_01ab375a_uniq UNIQUE (content_type_id, codename);


--
-- Name: auth_permission auth_permission_pkey; Type: CONSTRAINT; Schema: public; Owner: postgres
--

ALTER TABLE ONLY public.auth_permission
    ADD CONSTRAINT auth_permission_pkey PRIMARY KEY (id);


--
-- Name: authtoken_token authtoken_token_pkey; Type: CONSTRAINT; Schema: public; Owner: postgres
--

ALTER TABLE ONLY public.authtoken_token
    ADD CONSTRAINT authtoken_token_pkey PRIMARY KEY (key);


--
-- Name: authtoken_token authtoken_token_user_id_key; Type: CONSTRAINT; Schema: public; Owner: postgres
--

ALTER TABLE ONLY public.authtoken_token
    ADD CONSTRAINT authtoken_token_user_id_key UNIQUE (user_id);


--
-- Name: django_admin_log django_admin_log_pkey; Type: CONSTRAINT; Schema: public; Owner: postgres
--

ALTER TABLE ONLY public.django_admin_log
    ADD CONSTRAINT django_admin_log_pkey PRIMARY KEY (id);


--
-- Name: django_content_type django_content_type_app_label_model_76bd3d3b_uniq; Type: CONSTRAINT; Schema: public; Owner: postgres
--

ALTER TABLE ONLY public.django_content_type
    ADD CONSTRAINT django_content_type_app_label_model_76bd3d3b_uniq UNIQUE (app_label, model);


--
-- Name: django_content_type django_content_type_pkey; Type: CONSTRAINT; Schema: public; Owner: postgres
--

ALTER TABLE ONLY public.django_content_type
    ADD CONSTRAINT django_content_type_pkey PRIMARY KEY (id);


--
-- Name: django_migrations django_migrations_pkey; Type: CONSTRAINT; Schema: public; Owner: postgres
--

ALTER TABLE ONLY public.django_migrations
    ADD CONSTRAINT django_migrations_pkey PRIMARY KEY (id);


--
-- Name: django_session django_session_pkey; Type: CONSTRAINT; Schema: public; Owner: postgres
--

ALTER TABLE ONLY public.django_session
    ADD CONSTRAINT django_session_pkey PRIMARY KEY (session_key);


--
-- Name: django_site django_site_domain_a2e37b91_uniq; Type: CONSTRAINT; Schema: public; Owner: postgres
--

ALTER TABLE ONLY public.django_site
    ADD CONSTRAINT django_site_domain_a2e37b91_uniq UNIQUE (domain);


--
-- Name: django_site django_site_pkey; Type: CONSTRAINT; Schema: public; Owner: postgres
--

ALTER TABLE ONLY public.django_site
    ADD CONSTRAINT django_site_pkey PRIMARY KEY (id);


--
-- Name: users_user_groups users_user_groups_pkey; Type: CONSTRAINT; Schema: public; Owner: postgres
--

ALTER TABLE ONLY public.users_user_groups
    ADD CONSTRAINT users_user_groups_pkey PRIMARY KEY (id);


--
-- Name: users_user_groups users_user_groups_user_id_group_id_b88eab82_uniq; Type: CONSTRAINT; Schema: public; Owner: postgres
--

ALTER TABLE ONLY public.users_user_groups
    ADD CONSTRAINT users_user_groups_user_id_group_id_b88eab82_uniq UNIQUE (user_id, group_id);


--
-- Name: users_user users_user_pkey; Type: CONSTRAINT; Schema: public; Owner: postgres
--

ALTER TABLE ONLY public.users_user
    ADD CONSTRAINT users_user_pkey PRIMARY KEY (id);


--
-- Name: users_user_user_permissions users_user_user_permissions_pkey; Type: CONSTRAINT; Schema: public; Owner: postgres
--

ALTER TABLE ONLY public.users_user_user_permissions
    ADD CONSTRAINT users_user_user_permissions_pkey PRIMARY KEY (id);


--
-- Name: users_user_user_permissions users_user_user_permissions_user_id_permission_id_43338c45_uniq; Type: CONSTRAINT; Schema: public; Owner: postgres
--

ALTER TABLE ONLY public.users_user_user_permissions
    ADD CONSTRAINT users_user_user_permissions_user_id_permission_id_43338c45_uniq UNIQUE (user_id, permission_id);


--
-- Name: users_user users_user_username_key; Type: CONSTRAINT; Schema: public; Owner: postgres
--

ALTER TABLE ONLY public.users_user
    ADD CONSTRAINT users_user_username_key UNIQUE (username);


--
-- Name: account_emailaddress_email_03be32b2_like; Type: INDEX; Schema: public; Owner: postgres
--

CREATE INDEX account_emailaddress_email_03be32b2_like ON public.account_emailaddress USING btree (email varchar_pattern_ops);


--
-- Name: account_emailaddress_user_id_2c513194; Type: INDEX; Schema: public; Owner: postgres
--

CREATE INDEX account_emailaddress_user_id_2c513194 ON public.account_emailaddress USING btree (user_id);


--
-- Name: account_emailconfirmation_email_address_id_5b7f8c58; Type: INDEX; Schema: public; Owner: postgres
--

CREATE INDEX account_emailconfirmation_email_address_id_5b7f8c58 ON public.account_emailconfirmation USING btree (email_address_id);


--
-- Name: account_emailconfirmation_key_f43612bd_like; Type: INDEX; Schema: public; Owner: postgres
--

CREATE INDEX account_emailconfirmation_key_f43612bd_like ON public.account_emailconfirmation USING btree (key varchar_pattern_ops);


--
-- Name: auth_group_name_a6ea08ec_like; Type: INDEX; Schema: public; Owner: postgres
--

CREATE INDEX auth_group_name_a6ea08ec_like ON public.auth_group USING btree (name varchar_pattern_ops);


--
-- Name: auth_group_permissions_group_id_b120cbf9; Type: INDEX; Schema: public; Owner: postgres
--

CREATE INDEX auth_group_permissions_group_id_b120cbf9 ON public.auth_group_permissions USING btree (group_id);


--
-- Name: auth_group_permissions_permission_id_84c5c92e; Type: INDEX; Schema: public; Owner: postgres
--

CREATE INDEX auth_group_permissions_permission_id_84c5c92e ON public.auth_group_permissions USING btree (permission_id);


--
-- Name: auth_permission_content_type_id_2f476e4b; Type: INDEX; Schema: public; Owner: postgres
--

CREATE INDEX auth_permission_content_type_id_2f476e4b ON public.auth_permission USING btree (content_type_id);


--
-- Name: authtoken_token_key_10f0b77e_like; Type: INDEX; Schema: public; Owner: postgres
--

CREATE INDEX authtoken_token_key_10f0b77e_like ON public.authtoken_token USING btree (key varchar_pattern_ops);


--
-- Name: django_admin_log_content_type_id_c4bce8eb; Type: INDEX; Schema: public; Owner: postgres
--

CREATE INDEX django_admin_log_content_type_id_c4bce8eb ON public.django_admin_log USING btree (content_type_id);


--
-- Name: django_admin_log_user_id_c564eba6; Type: INDEX; Schema: public; Owner: postgres
--

CREATE INDEX django_admin_log_user_id_c564eba6 ON public.django_admin_log USING btree (user_id);


--
-- Name: django_session_expire_date_a5c62663; Type: INDEX; Schema: public; Owner: postgres
--

CREATE INDEX django_session_expire_date_a5c62663 ON public.django_session USING btree (expire_date);


--
-- Name: django_session_session_key_c0390e0f_like; Type: INDEX; Schema: public; Owner: postgres
--

CREATE INDEX django_session_session_key_c0390e0f_like ON public.django_session USING btree (session_key varchar_pattern_ops);


--
-- Name: django_site_domain_a2e37b91_like; Type: INDEX; Schema: public; Owner: postgres
--

CREATE INDEX django_site_domain_a2e37b91_like ON public.django_site USING btree (domain varchar_pattern_ops);


--
-- Name: users_user_groups_group_id_9afc8d0e; Type: INDEX; Schema: public; Owner: postgres
--

CREATE INDEX users_user_groups_group_id_9afc8d0e ON public.users_user_groups USING btree (group_id);


--
-- Name: users_user_groups_user_id_5f6f5a90; Type: INDEX; Schema: public; Owner: postgres
--

CREATE INDEX users_user_groups_user_id_5f6f5a90 ON public.users_user_groups USING btree (user_id);


--
-- Name: users_user_user_permissions_permission_id_0b93982e; Type: INDEX; Schema: public; Owner: postgres
--

CREATE INDEX users_user_user_permissions_permission_id_0b93982e ON public.users_user_user_permissions USING btree (permission_id);


--
-- Name: users_user_user_permissions_user_id_20aca447; Type: INDEX; Schema: public; Owner: postgres
--

CREATE INDEX users_user_user_permissions_user_id_20aca447 ON public.users_user_user_permissions USING btree (user_id);


--
-- Name: users_user_username_06e46fe6_like; Type: INDEX; Schema: public; Owner: postgres
--

CREATE INDEX users_user_username_06e46fe6_like ON public.users_user USING btree (username varchar_pattern_ops);


--
-- Name: account_emailaddress account_emailaddress_user_id_2c513194_fk_users_user_id; Type: FK CONSTRAINT; Schema: public; Owner: postgres
--

ALTER TABLE ONLY public.account_emailaddress
    ADD CONSTRAINT account_emailaddress_user_id_2c513194_fk_users_user_id FOREIGN KEY (user_id) REFERENCES public.users_user(id) DEFERRABLE INITIALLY DEFERRED;


--
-- Name: account_emailconfirmation account_emailconfirmation_email_address_id_5b7f8c58_fk; Type: FK CONSTRAINT; Schema: public; Owner: postgres
--

ALTER TABLE ONLY public.account_emailconfirmation
    ADD CONSTRAINT account_emailconfirmation_email_address_id_5b7f8c58_fk FOREIGN KEY (email_address_id) REFERENCES public.account_emailaddress(id) DEFERRABLE INITIALLY DEFERRED;


--
-- Name: auth_group_permissions auth_group_permissio_permission_id_84c5c92e_fk_auth_perm; Type: FK CONSTRAINT; Schema: public; Owner: postgres
--

ALTER TABLE ONLY public.auth_group_permissions
    ADD CONSTRAINT auth_group_permissio_permission_id_84c5c92e_fk_auth_perm FOREIGN KEY (permission_id) REFERENCES public.auth_permission(id) DEFERRABLE INITIALLY DEFERRED;


--
-- Name: auth_group_permissions auth_group_permissions_group_id_b120cbf9_fk_auth_group_id; Type: FK CONSTRAINT; Schema: public; Owner: postgres
--

ALTER TABLE ONLY public.auth_group_permissions
    ADD CONSTRAINT auth_group_permissions_group_id_b120cbf9_fk_auth_group_id FOREIGN KEY (group_id) REFERENCES public.auth_group(id) DEFERRABLE INITIALLY DEFERRED;


--
-- Name: auth_permission auth_permission_content_type_id_2f476e4b_fk_django_co; Type: FK CONSTRAINT; Schema: public; Owner: postgres
--

ALTER TABLE ONLY public.auth_permission
    ADD CONSTRAINT auth_permission_content_type_id_2f476e4b_fk_django_co FOREIGN KEY (content_type_id) REFERENCES public.django_content_type(id) DEFERRABLE INITIALLY DEFERRED;


--
-- Name: authtoken_token authtoken_token_user_id_35299eff_fk_users_user_id; Type: FK CONSTRAINT; Schema: public; Owner: postgres
--

ALTER TABLE ONLY public.authtoken_token
    ADD CONSTRAINT authtoken_token_user_id_35299eff_fk_users_user_id FOREIGN KEY (user_id) REFERENCES public.users_user(id) DEFERRABLE INITIALLY DEFERRED;


--
-- Name: django_admin_log django_admin_log_content_type_id_c4bce8eb_fk_django_co; Type: FK CONSTRAINT; Schema: public; Owner: postgres
--

ALTER TABLE ONLY public.django_admin_log
    ADD CONSTRAINT django_admin_log_content_type_id_c4bce8eb_fk_django_co FOREIGN KEY (content_type_id) REFERENCES public.django_content_type(id) DEFERRABLE INITIALLY DEFERRED;


--
-- Name: django_admin_log django_admin_log_user_id_c564eba6_fk_users_user_id; Type: FK CONSTRAINT; Schema: public; Owner: postgres
--

ALTER TABLE ONLY public.django_admin_log
    ADD CONSTRAINT django_admin_log_user_id_c564eba6_fk_users_user_id FOREIGN KEY (user_id) REFERENCES public.users_user(id) DEFERRABLE INITIALLY DEFERRED;


--
-- Name: users_user_groups users_user_groups_group_id_9afc8d0e_fk_auth_group_id; Type: FK CONSTRAINT; Schema: public; Owner: postgres
--

ALTER TABLE ONLY public.users_user_groups
    ADD CONSTRAINT users_user_groups_group_id_9afc8d0e_fk_auth_group_id FOREIGN KEY (group_id) REFERENCES public.auth_group(id) DEFERRABLE INITIALLY DEFERRED;


--
-- Name: users_user_groups users_user_groups_user_id_5f6f5a90_fk_users_user_id; Type: FK CONSTRAINT; Schema: public; Owner: postgres
--

ALTER TABLE ONLY public.users_user_groups
    ADD CONSTRAINT users_user_groups_user_id_5f6f5a90_fk_users_user_id FOREIGN KEY (user_id) REFERENCES public.users_user(id) DEFERRABLE INITIALLY DEFERRED;


--
-- Name: users_user_user_permissions users_user_user_perm_permission_id_0b93982e_fk_auth_perm; Type: FK CONSTRAINT; Schema: public; Owner: postgres
--

ALTER TABLE ONLY public.users_user_user_permissions
    ADD CONSTRAINT users_user_user_perm_permission_id_0b93982e_fk_auth_perm FOREIGN KEY (permission_id) REFERENCES public.auth_permission(id) DEFERRABLE INITIALLY DEFERRED;


--
-- Name: users_user_user_permissions users_user_user_permissions_user_id_20aca447_fk_users_user_id; Type: FK CONSTRAINT; Schema: public; Owner: postgres
--

ALTER TABLE ONLY public.users_user_user_permissions
    ADD CONSTRAINT users_user_user_permissions_user_id_20aca447_fk_users_user_id FOREIGN KEY (user_id) REFERENCES public.users_user(id) DEFERRABLE INITIALLY DEFERRED;


--
-- Name: SCHEMA public; Type: ACL; Schema: -; Owner: postgres
--

GRANT ALL ON SCHEMA public TO PUBLIC;


--
-- PostgreSQL database dump complete
--

